"id","name","display_name","term_order","last_modified_by","last_modified_date"
1061,"others","Others",9999,"liquibase","2017-02-13T04:46:06.349Z"
1172,"other-brands","Other Brands",9999,"liquibase","2017-02-13T04:46:06.349Z"
1183,"others","Others",9999,"liquibase","2017-02-13T04:46:06.349Z"
1409,"other-vehicles","Other Vehicles",9999,"liquibase","2017-02-13T04:46:06.349Z"
1442,"others","Others",9999,"liquibase","2017-02-13T04:46:06.349Z"
1511,"others","Others",9999,"liquibase","2017-02-13T04:46:06.349Z"
1512,"others","Others",9999,"liquibase","2017-02-13T04:46:06.349Z"
1513,"others","Others",9999,"liquibase","2017-02-13T04:46:06.349Z"
1514,"others","Others",9999,"liquibase","2017-02-13T04:46:06.349Z"
1515,"others","Others",9999,"liquibase","2017-02-13T04:46:06.349Z"
1516,"others","Others",9999,"liquibase","2017-02-13T04:46:06.349Z"
1517,"others","Others",9999,"liquibase","2017-02-13T04:46:06.349Z"
1518,"others","Others",9999,"liquibase","2017-02-13T04:46:06.349Z"
1519,"others","Others",9999,"liquibase","2017-02-13T04:46:06.349Z"
1520,"others","Others",9999,"liquibase","2017-02-13T04:46:06.349Z"
1521,"others","Others",9999,"liquibase","2017-02-13T04:46:06.349Z"
1522,"others","Others",9999,"liquibase","2017-02-13T04:46:06.349Z"
1523,"others","Others",9999,"liquibase","2017-02-13T04:46:06.349Z"
1524,"others","Others",9999,"liquibase","2017-02-13T04:46:06.349Z"
1525,"others","Others",9999,"liquibase","2017-02-13T04:46:06.349Z"
1526,"others","Others",9999,"liquibase","2017-02-13T04:46:06.349Z"
1527,"others","Others",9999,"liquibase","2017-02-13T04:46:06.349Z"
1528,"others","Others",9999,"liquibase","2017-02-13T04:46:06.349Z"
1529,"others","Others",9999,"liquibase","2017-02-13T04:46:06.349Z"
1530,"others","Others",9999,"liquibase","2017-02-13T04:46:06.349Z"
1531,"others","Others",9999,"liquibase","2017-02-13T04:46:06.349Z"
1532,"others","Others",9999,"liquibase","2017-02-13T04:46:06.349Z"
1533,"others","Others",9999,"liquibase","2017-02-13T04:46:06.349Z"
1534,"others","Others",9999,"liquibase","2017-02-13T04:46:06.349Z"
1535,"others","Others",9999,"liquibase","2017-02-13T04:46:06.349Z"
1536,"others","Others",9999,"liquibase","2017-02-13T04:46:06.349Z"
1537,"others","Others",9999,"liquibase","2017-02-13T04:46:06.349Z"
1538,"others","Others",9999,"liquibase","2017-02-13T04:46:06.349Z"
1539,"others","Others",9999,"liquibase","2017-02-13T04:46:06.349Z"
1540,"others","Others",9999,"liquibase","2017-02-13T04:46:06.349Z"
1541,"others","Others",9999,"liquibase","2017-02-13T04:46:06.349Z"
1542,"others","Others",9999,"liquibase","2017-02-13T04:46:06.349Z"
1543,"others","Others",9999,"liquibase","2017-02-13T04:46:06.349Z"
1544,"others","Others",9999,"liquibase","2017-02-13T04:46:06.349Z"
1545,"others","Others",9999,"liquibase","2017-02-13T04:46:06.349Z"
1546,"others","Others",9999,"liquibase","2017-02-13T04:46:06.349Z"
1547,"others","Others",9999,"liquibase","2017-02-13T04:46:06.349Z"
1548,"others","Others",9999,"liquibase","2017-02-13T04:46:06.349Z"
1549,"others","Others",9999,"liquibase","2017-02-13T04:46:06.349Z"
1550,"others","Others",9999,"liquibase","2017-02-13T04:46:06.349Z"
1551,"others","Others",9999,"liquibase","2017-02-13T04:46:06.349Z"
1552,"others","Others",9999,"liquibase","2017-02-13T04:46:06.349Z"
1553,"others","Others",9999,"liquibase","2017-02-13T04:46:06.349Z"
1554,"others","Others",9999,"liquibase","2017-02-13T04:46:06.349Z"
1555,"others","Others",9999,"liquibase","2017-02-13T04:46:06.349Z"
1556,"others","Others",9999,"liquibase","2017-02-13T04:46:06.349Z"
1557,"others","Others",9999,"liquibase","2017-02-13T04:46:06.349Z"
1558,"others","Others",9999,"liquibase","2017-02-13T04:46:06.349Z"
1560,"others","Others",9999,"liquibase","2017-02-13T04:46:06.349Z"
1561,"others","Others",9999,"liquibase","2017-02-13T04:46:06.349Z"
1562,"others","Others",9999,"liquibase","2017-02-13T04:46:06.349Z"
1563,"others","Others",9999,"liquibase","2017-02-13T04:46:06.349Z"
1564,"others","Others",9999,"liquibase","2017-02-13T04:46:06.349Z"
1565,"others","Others",9999,"liquibase","2017-02-13T04:46:06.349Z"
1566,"others","Others",9999,"liquibase","2017-02-13T04:46:06.349Z"
1567,"others","Others",9999,"liquibase","2017-02-13T04:46:06.349Z"
1568,"others","Others",9999,"liquibase","2017-02-13T04:46:06.349Z"
1569,"others","Others",9999,"liquibase","2017-02-13T04:46:06.349Z"
1570,"others","Others",9999,"liquibase","2017-02-13T04:46:06.349Z"
