"id","image_id","url_prefix","emoji"
999,999,"https://beecow-accessories.s3.amazonaws.com/flag","ğŸ‡¦ğŸ‡«"
248,248,"https://beecow-accessories.s3.amazonaws.com/flag","ğŸ‡¦ğŸ‡½"
8,8,"https://beecow-accessories.s3.amazonaws.com/flag","ğŸ‡¦ğŸ‡±"
12,12,"https://beecow-accessories.s3.amazonaws.com/flag","ğŸ‡©ğŸ‡¿"
16,16,"https://beecow-accessories.s3.amazonaws.com/flag","ğŸ‡¦ğŸ‡¸"
20,20,"https://beecow-accessories.s3.amazonaws.com/flag","ğŸ‡¦ğŸ‡©"
24,24,"https://beecow-accessories.s3.amazonaws.com/flag","ğŸ‡¦ğŸ‡´"
660,660,"https://beecow-accessories.s3.amazonaws.com/flag","ğŸ‡¦ğŸ‡®"
10,10,"https://beecow-accessories.s3.amazonaws.com/flag","ğŸ‡¦ğŸ‡¶"
28,28,"https://beecow-accessories.s3.amazonaws.com/flag","ğŸ‡¦ğŸ‡¬"
32,32,"https://beecow-accessories.s3.amazonaws.com/flag","ğŸ‡¦ğŸ‡·"
51,51,"https://beecow-accessories.s3.amazonaws.com/flag","ğŸ‡¦ğŸ‡²"
533,533,"https://beecow-accessories.s3.amazonaws.com/flag","ğŸ‡¦ğŸ‡¼"
36,36,"https://beecow-accessories.s3.amazonaws.com/flag","ğŸ‡¦ğŸ‡º"
40,40,"https://beecow-accessories.s3.amazonaws.com/flag","ğŸ‡¦ğŸ‡¹"
31,31,"https://beecow-accessories.s3.amazonaws.com/flag","ğŸ‡¦ğŸ‡¿"
44,44,"https://beecow-accessories.s3.amazonaws.com/flag","ğŸ‡§ğŸ‡¸"
48,48,"https://beecow-accessories.s3.amazonaws.com/flag","ğŸ‡§ğŸ‡­"
50,50,"https://beecow-accessories.s3.amazonaws.com/flag","ğŸ‡§ğŸ‡©"
52,52,"https://beecow-accessories.s3.amazonaws.com/flag","ğŸ‡§ğŸ‡§"
112,112,"https://beecow-accessories.s3.amazonaws.com/flag","ğŸ‡§ğŸ‡¾"
56,56,"https://beecow-accessories.s3.amazonaws.com/flag","ğŸ‡§ğŸ‡ª"
84,84,"https://beecow-accessories.s3.amazonaws.com/flag","ğŸ‡§ğŸ‡¿"
204,204,"https://beecow-accessories.s3.amazonaws.com/flag","ğŸ‡§ğŸ‡¯"
60,60,"https://beecow-accessories.s3.amazonaws.com/flag","ğŸ‡§ğŸ‡²"
64,64,"https://beecow-accessories.s3.amazonaws.com/flag","ğŸ‡§ğŸ‡¹"
68,68,"https://beecow-accessories.s3.amazonaws.com/flag","ğŸ‡§ğŸ‡´"
535,535,"https://beecow-accessories.s3.amazonaws.com/flag","ğŸ‡§ğŸ‡¶"
70,70,"https://beecow-accessories.s3.amazonaws.com/flag","ğŸ‡§ğŸ‡¦"
72,72,"https://beecow-accessories.s3.amazonaws.com/flag","ğŸ‡§ğŸ‡¼"
74,74,"https://beecow-accessories.s3.amazonaws.com/flag","ğŸ‡§ğŸ‡»"
76,76,"https://beecow-accessories.s3.amazonaws.com/flag","ğŸ‡§ğŸ‡·"
86,86,"https://beecow-accessories.s3.amazonaws.com/flag","ğŸ‡®ğŸ‡´"
96,96,"https://beecow-accessories.s3.amazonaws.com/flag","ğŸ‡§ğŸ‡³"
100,100,"https://beecow-accessories.s3.amazonaws.com/flag","ğŸ‡§ğŸ‡¬"
854,854,"https://beecow-accessories.s3.amazonaws.com/flag","ğŸ‡§ğŸ‡«"
108,108,"https://beecow-accessories.s3.amazonaws.com/flag","ğŸ‡§ğŸ‡®"
116,116,"https://beecow-accessories.s3.amazonaws.com/flag","ğŸ‡°ğŸ‡­"
120,120,"https://beecow-accessories.s3.amazonaws.com/flag","ğŸ‡¨ğŸ‡²"
124,124,"https://beecow-accessories.s3.amazonaws.com/flag","ğŸ‡¨ğŸ‡¦"
132,132,"https://beecow-accessories.s3.amazonaws.com/flag","ğŸ‡¨ğŸ‡»"
136,136,"https://beecow-accessories.s3.amazonaws.com/flag","ğŸ‡°ğŸ‡¾"
140,140,"https://beecow-accessories.s3.amazonaws.com/flag","ğŸ‡¨ğŸ‡«"
148,148,"https://beecow-accessories.s3.amazonaws.com/flag","ğŸ‡¹ğŸ‡©"
152,152,"https://beecow-accessories.s3.amazonaws.com/flag","ğŸ‡¨ğŸ‡±"
162,162,"https://beecow-accessories.s3.amazonaws.com/flag","ğŸ‡¨ğŸ‡½"
166,166,"https://beecow-accessories.s3.amazonaws.com/flag","ğŸ‡¨ğŸ‡¨"
170,170,"https://beecow-accessories.s3.amazonaws.com/flag","ğŸ‡¨ğŸ‡´"
174,174,"https://beecow-accessories.s3.amazonaws.com/flag","ğŸ‡°ğŸ‡²"
178,178,"https://beecow-accessories.s3.amazonaws.com/flag","ğŸ‡¨ğŸ‡¬"
184,184,"https://beecow-accessories.s3.amazonaws.com/flag","ğŸ‡¨ğŸ‡°"
188,188,"https://beecow-accessories.s3.amazonaws.com/flag","ğŸ‡¨ğŸ‡·"
384,384,"https://beecow-accessories.s3.amazonaws.com/flag","ğŸ‡¨ğŸ‡®"
191,191,"https://beecow-accessories.s3.amazonaws.com/flag","ğŸ‡­ğŸ‡·"
192,192,"https://beecow-accessories.s3.amazonaws.com/flag","ğŸ‡¨ğŸ‡º"
531,531,"https://beecow-accessories.s3.amazonaws.com/flag","ğŸ‡¨ğŸ‡¼"
196,196,"https://beecow-accessories.s3.amazonaws.com/flag","ğŸ‡¨ğŸ‡¾"
203,203,"https://beecow-accessories.s3.amazonaws.com/flag","ğŸ‡¨ğŸ‡¿"
180,180,"https://beecow-accessories.s3.amazonaws.com/flag","ğŸ‡¨ğŸ‡©"
208,208,"https://beecow-accessories.s3.amazonaws.com/flag","ğŸ‡©ğŸ‡°"
262,262,"https://beecow-accessories.s3.amazonaws.com/flag","ğŸ‡©ğŸ‡¯"
212,212,"https://beecow-accessories.s3.amazonaws.com/flag","ğŸ‡©ğŸ‡²"
214,214,"https://beecow-accessories.s3.amazonaws.com/flag","ğŸ‡©ğŸ‡´"
626,626,"https://beecow-accessories.s3.amazonaws.com/flag","ğŸ‡¹ğŸ‡±"
218,218,"https://beecow-accessories.s3.amazonaws.com/flag","ğŸ‡ªğŸ‡¨"
818,818,"https://beecow-accessories.s3.amazonaws.com/flag","ğŸ‡ªğŸ‡¬"
222,222,"https://beecow-accessories.s3.amazonaws.com/flag","ğŸ‡¸ğŸ‡»"
226,226,"https://beecow-accessories.s3.amazonaws.com/flag","ğŸ‡¬ğŸ‡¶"
232,232,"https://beecow-accessories.s3.amazonaws.com/flag","ğŸ‡ªğŸ‡·"
233,233,"https://beecow-accessories.s3.amazonaws.com/flag","ğŸ‡ªğŸ‡ª"
231,231,"https://beecow-accessories.s3.amazonaws.com/flag","ğŸ‡ªğŸ‡¹"
238,238,"https://beecow-accessories.s3.amazonaws.com/flag","ğŸ‡«ğŸ‡°"
234,234,"https://beecow-accessories.s3.amazonaws.com/flag","ğŸ‡«ğŸ‡´"
242,242,"https://beecow-accessories.s3.amazonaws.com/flag","ğŸ‡«ğŸ‡¯"
246,246,"https://beecow-accessories.s3.amazonaws.com/flag","ğŸ‡«ğŸ‡®"
250,250,"https://beecow-accessories.s3.amazonaws.com/flag","ğŸ‡«ğŸ‡·"
254,254,"https://beecow-accessories.s3.amazonaws.com/flag","ğŸ‡¬ğŸ‡«"
258,258,"https://beecow-accessories.s3.amazonaws.com/flag","ğŸ‡µğŸ‡«"
260,260,"https://beecow-accessories.s3.amazonaws.com/flag","ğŸ‡¹ğŸ‡«"
266,266,"https://beecow-accessories.s3.amazonaws.com/flag","ğŸ‡¬ğŸ‡¦"
270,270,"https://beecow-accessories.s3.amazonaws.com/flag","ğŸ‡¬ğŸ‡²"
268,268,"https://beecow-accessories.s3.amazonaws.com/flag","ğŸ‡¬ğŸ‡ª"
276,276,"https://beecow-accessories.s3.amazonaws.com/flag","ğŸ‡©ğŸ‡ª"
288,288,"https://beecow-accessories.s3.amazonaws.com/flag","ğŸ‡¬ğŸ‡­"
292,292,"https://beecow-accessories.s3.amazonaws.com/flag","ğŸ‡¬ğŸ‡®"
300,300,"https://beecow-accessories.s3.amazonaws.com/flag","ğŸ‡¬ğŸ‡·"
304,304,"https://beecow-accessories.s3.amazonaws.com/flag","ğŸ‡¬ğŸ‡±"
308,308,"https://beecow-accessories.s3.amazonaws.com/flag","ğŸ‡¬ğŸ‡©"
312,312,"https://beecow-accessories.s3.amazonaws.com/flag","ğŸ‡¬ğŸ‡µ"
316,316,"https://beecow-accessories.s3.amazonaws.com/flag","ğŸ‡¬ğŸ‡º"
320,320,"https://beecow-accessories.s3.amazonaws.com/flag","ğŸ‡¬ğŸ‡¹"
831,831,"https://beecow-accessories.s3.amazonaws.com/flag","ğŸ‡¬ğŸ‡¬"
324,324,"https://beecow-accessories.s3.amazonaws.com/flag","ğŸ‡¬ğŸ‡³"
624,624,"https://beecow-accessories.s3.amazonaws.com/flag","ğŸ‡¬ğŸ‡¼"
328,328,"https://beecow-accessories.s3.amazonaws.com/flag","ğŸ‡¬ğŸ‡¾"
332,332,"https://beecow-accessories.s3.amazonaws.com/flag","ğŸ‡­ğŸ‡¹"
334,334,"https://beecow-accessories.s3.amazonaws.com/flag","ğŸ‡­ğŸ‡²"
340,340,"https://beecow-accessories.s3.amazonaws.com/flag","ğŸ‡­ğŸ‡³"
344,344,"https://beecow-accessories.s3.amazonaws.com/flag","ğŸ‡­ğŸ‡°"
348,348,"https://beecow-accessories.s3.amazonaws.com/flag","ğŸ‡­ğŸ‡º"
352,352,"https://beecow-accessories.s3.amazonaws.com/flag","ğŸ‡®ğŸ‡¸"
356,356,"https://beecow-accessories.s3.amazonaws.com/flag","ğŸ‡®ğŸ‡³"
360,360,"https://beecow-accessories.s3.amazonaws.com/flag","ğŸ‡®ğŸ‡©"
364,364,"https://beecow-accessories.s3.amazonaws.com/flag","ğŸ‡®ğŸ‡·"
368,368,"https://beecow-accessories.s3.amazonaws.com/flag","ğŸ‡®ğŸ‡¶"
372,372,"https://beecow-accessories.s3.amazonaws.com/flag","ğŸ‡®ğŸ‡ª"
376,376,"https://beecow-accessories.s3.amazonaws.com/flag","ğŸ‡®ğŸ‡±"
380,380,"https://beecow-accessories.s3.amazonaws.com/flag","ğŸ‡®ğŸ‡¹"
388,388,"https://beecow-accessories.s3.amazonaws.com/flag","ğŸ‡¯ğŸ‡²"
392,392,"https://beecow-accessories.s3.amazonaws.com/flag","ğŸ‡¯ğŸ‡µ"
832,832,"https://beecow-accessories.s3.amazonaws.com/flag","ğŸ‡¯ğŸ‡ª"
400,400,"https://beecow-accessories.s3.amazonaws.com/flag","ğŸ‡¯ğŸ‡´"
398,398,"https://beecow-accessories.s3.amazonaws.com/flag","ğŸ‡°ğŸ‡¿"
404,404,"https://beecow-accessories.s3.amazonaws.com/flag","ğŸ‡°ğŸ‡ª"
296,296,"https://beecow-accessories.s3.amazonaws.com/flag","ğŸ‡°ğŸ‡®"
926,926,"https://beecow-accessories.s3.amazonaws.com/flag","ğŸ‡½ğŸ‡°"
414,414,"https://beecow-accessories.s3.amazonaws.com/flag","ğŸ‡°ğŸ‡¼"
417,417,"https://beecow-accessories.s3.amazonaws.com/flag","ğŸ‡°ğŸ‡¬"
418,418,"https://beecow-accessories.s3.amazonaws.com/flag","ğŸ‡±ğŸ‡¦"
428,428,"https://beecow-accessories.s3.amazonaws.com/flag","ğŸ‡±ğŸ‡»"
422,422,"https://beecow-accessories.s3.amazonaws.com/flag","ğŸ‡±ğŸ‡§"
426,426,"https://beecow-accessories.s3.amazonaws.com/flag","ğŸ‡±ğŸ‡¸"
430,430,"https://beecow-accessories.s3.amazonaws.com/flag","ğŸ‡±ğŸ‡·"
434,434,"https://beecow-accessories.s3.amazonaws.com/flag","ğŸ‡±ğŸ‡¾"
438,438,"https://beecow-accessories.s3.amazonaws.com/flag","ğŸ‡±ğŸ‡®"
440,440,"https://beecow-accessories.s3.amazonaws.com/flag","ğŸ‡±ğŸ‡¹"
442,442,"https://beecow-accessories.s3.amazonaws.com/flag","ğŸ‡±ğŸ‡º"
446,446,"https://beecow-accessories.s3.amazonaws.com/flag","ğŸ‡²ğŸ‡´"
807,807,"https://beecow-accessories.s3.amazonaws.com/flag","ğŸ‡²ğŸ‡°"
450,450,"https://beecow-accessories.s3.amazonaws.com/flag","ğŸ‡²ğŸ‡¬"
454,454,"https://beecow-accessories.s3.amazonaws.com/flag","ğŸ‡²ğŸ‡¼"
458,458,"https://beecow-accessories.s3.amazonaws.com/flag","ğŸ‡²ğŸ‡¾"
462,462,"https://beecow-accessories.s3.amazonaws.com/flag","ğŸ‡²ğŸ‡»"
466,466,"https://beecow-accessories.s3.amazonaws.com/flag","ğŸ‡²ğŸ‡±"
470,470,"https://beecow-accessories.s3.amazonaws.com/flag","ğŸ‡²ğŸ‡¹"
833,833,"https://beecow-accessories.s3.amazonaws.com/flag","ğŸ‡®ğŸ‡²"
584,584,"https://beecow-accessories.s3.amazonaws.com/flag","ğŸ‡²ğŸ‡­"
474,474,"https://beecow-accessories.s3.amazonaws.com/flag","ğŸ‡²ğŸ‡¶"
478,478,"https://beecow-accessories.s3.amazonaws.com/flag","ğŸ‡²ğŸ‡·"
480,480,"https://beecow-accessories.s3.amazonaws.com/flag","ğŸ‡²ğŸ‡º"
175,175,"https://beecow-accessories.s3.amazonaws.com/flag","ğŸ‡¾ğŸ‡¹"
484,484,"https://beecow-accessories.s3.amazonaws.com/flag","ğŸ‡²ğŸ‡½"
583,583,"https://beecow-accessories.s3.amazonaws.com/flag","ğŸ‡«ğŸ‡²"
498,498,"https://beecow-accessories.s3.amazonaws.com/flag","ğŸ‡²ğŸ‡©"
492,492,"https://beecow-accessories.s3.amazonaws.com/flag","ğŸ‡²ğŸ‡¨"
496,496,"https://beecow-accessories.s3.amazonaws.com/flag","ğŸ‡²ğŸ‡³"
499,499,"https://beecow-accessories.s3.amazonaws.com/flag","ğŸ‡²ğŸ‡ª"
500,500,"https://beecow-accessories.s3.amazonaws.com/flag","ğŸ‡²ğŸ‡¸"
504,504,"https://beecow-accessories.s3.amazonaws.com/flag","ğŸ‡²ğŸ‡¦"
508,508,"https://beecow-accessories.s3.amazonaws.com/flag","ğŸ‡²ğŸ‡¿"
516,516,"https://beecow-accessories.s3.amazonaws.com/flag","ğŸ‡³ğŸ‡¦"
520,520,"https://beecow-accessories.s3.amazonaws.com/flag","ğŸ‡³ğŸ‡·"
524,524,"https://beecow-accessories.s3.amazonaws.com/flag","ğŸ‡³ğŸ‡µ"
528,528,"https://beecow-accessories.s3.amazonaws.com/flag","ğŸ‡³ğŸ‡±"
540,540,"https://beecow-accessories.s3.amazonaws.com/flag","ğŸ‡³ğŸ‡¨"
554,554,"https://beecow-accessories.s3.amazonaws.com/flag","ğŸ‡³ğŸ‡¿"
558,558,"https://beecow-accessories.s3.amazonaws.com/flag","ğŸ‡³ğŸ‡®"
562,562,"https://beecow-accessories.s3.amazonaws.com/flag","ğŸ‡³ğŸ‡ª"
566,566,"https://beecow-accessories.s3.amazonaws.com/flag","ğŸ‡³ğŸ‡¬"
570,570,"https://beecow-accessories.s3.amazonaws.com/flag","ğŸ‡³ğŸ‡º"
574,574,"https://beecow-accessories.s3.amazonaws.com/flag","ğŸ‡³ğŸ‡«"
408,408,"https://beecow-accessories.s3.amazonaws.com/flag","ğŸ‡°ğŸ‡µ"
580,580,"https://beecow-accessories.s3.amazonaws.com/flag","ğŸ‡²ğŸ‡µ"
578,578,"https://beecow-accessories.s3.amazonaws.com/flag","ğŸ‡³ğŸ‡´"
512,512,"https://beecow-accessories.s3.amazonaws.com/flag","ğŸ‡´ğŸ‡²"
586,586,"https://beecow-accessories.s3.amazonaws.com/flag","ğŸ‡µğŸ‡°"
585,585,"https://beecow-accessories.s3.amazonaws.com/flag","ğŸ‡µğŸ‡¼"
275,275,"https://beecow-accessories.s3.amazonaws.com/flag","ğŸ‡µğŸ‡¸"
591,591,"https://beecow-accessories.s3.amazonaws.com/flag","ğŸ‡µğŸ‡¦"
598,598,"https://beecow-accessories.s3.amazonaws.com/flag","ğŸ‡µğŸ‡¬"
600,600,"https://beecow-accessories.s3.amazonaws.com/flag","ğŸ‡µğŸ‡¾"
604,604,"https://beecow-accessories.s3.amazonaws.com/flag","ğŸ‡µğŸ‡ª"
608,608,"https://beecow-accessories.s3.amazonaws.com/flag","ğŸ‡µğŸ‡­"
612,612,"https://beecow-accessories.s3.amazonaws.com/flag","ğŸ‡µğŸ‡³"
616,616,"https://beecow-accessories.s3.amazonaws.com/flag","ğŸ‡µğŸ‡±"
620,620,"https://beecow-accessories.s3.amazonaws.com/flag","ğŸ‡µğŸ‡¹"
630,630,"https://beecow-accessories.s3.amazonaws.com/flag","ğŸ‡µğŸ‡·"
634,634,"https://beecow-accessories.s3.amazonaws.com/flag","ğŸ‡¶ğŸ‡¦"
638,638,"https://beecow-accessories.s3.amazonaws.com/flag","ğŸ‡·ğŸ‡ª"
642,642,"https://beecow-accessories.s3.amazonaws.com/flag","ğŸ‡·ğŸ‡´"
643,643,"https://beecow-accessories.s3.amazonaws.com/flag","ğŸ‡·ğŸ‡º"
646,646,"https://beecow-accessories.s3.amazonaws.com/flag","ğŸ‡·ğŸ‡¼"
654,654,"https://beecow-accessories.s3.amazonaws.com/flag","ğŸ‡¸ğŸ‡­"
659,659,"https://beecow-accessories.s3.amazonaws.com/flag","ğŸ‡°ğŸ‡³"
662,662,"https://beecow-accessories.s3.amazonaws.com/flag","ğŸ‡±ğŸ‡¨"
666,666,"https://beecow-accessories.s3.amazonaws.com/flag","ğŸ‡µğŸ‡²"
670,670,"https://beecow-accessories.s3.amazonaws.com/flag","ğŸ‡»ğŸ‡¨"
652,652,"https://beecow-accessories.s3.amazonaws.com/flag","ğŸ‡§ğŸ‡±"
663,663,"https://beecow-accessories.s3.amazonaws.com/flag","ğŸ‡²ğŸ‡«"
882,882,"https://beecow-accessories.s3.amazonaws.com/flag","ğŸ‡¼ğŸ‡¸"
674,674,"https://beecow-accessories.s3.amazonaws.com/flag","ğŸ‡¸ğŸ‡²"
678,678,"https://beecow-accessories.s3.amazonaws.com/flag","ğŸ‡¸ğŸ‡¹"
682,682,"https://beecow-accessories.s3.amazonaws.com/flag","ğŸ‡¸ğŸ‡¦"
686,686,"https://beecow-accessories.s3.amazonaws.com/flag","ğŸ‡¸ğŸ‡³"
688,688,"https://beecow-accessories.s3.amazonaws.com/flag","ğŸ‡·ğŸ‡¸"
690,690,"https://beecow-accessories.s3.amazonaws.com/flag","ğŸ‡¸ğŸ‡¨"
694,694,"https://beecow-accessories.s3.amazonaws.com/flag","ğŸ‡¸ğŸ‡±"
702,702,"https://beecow-accessories.s3.amazonaws.com/flag","ğŸ‡¸ğŸ‡¬"
534,534,"https://beecow-accessories.s3.amazonaws.com/flag","ğŸ‡¸ğŸ‡½"
703,703,"https://beecow-accessories.s3.amazonaws.com/flag","ğŸ‡¸ğŸ‡°"
705,705,"https://beecow-accessories.s3.amazonaws.com/flag","ğŸ‡¸ğŸ‡®"
90,90,"https://beecow-accessories.s3.amazonaws.com/flag","ğŸ‡¸ğŸ‡§"
706,706,"https://beecow-accessories.s3.amazonaws.com/flag","ğŸ‡¸ğŸ‡´"
710,710,"https://beecow-accessories.s3.amazonaws.com/flag","ğŸ‡¿ğŸ‡¦"
239,239,"https://beecow-accessories.s3.amazonaws.com/flag","ğŸ‡¬ğŸ‡¸"
410,410,"https://beecow-accessories.s3.amazonaws.com/flag","ğŸ‡°ğŸ‡·"
728,728,"https://beecow-accessories.s3.amazonaws.com/flag","ğŸ‡¸ğŸ‡¸"
724,724,"https://beecow-accessories.s3.amazonaws.com/flag","ğŸ‡ªğŸ‡¸"
144,144,"https://beecow-accessories.s3.amazonaws.com/flag","ğŸ‡±ğŸ‡°"
729,729,"https://beecow-accessories.s3.amazonaws.com/flag","ğŸ‡¸ğŸ‡©"
740,740,"https://beecow-accessories.s3.amazonaws.com/flag","ğŸ‡¸ğŸ‡·"
744,744,"https://beecow-accessories.s3.amazonaws.com/flag","ğŸ‡¸ğŸ‡¯"
748,748,"https://beecow-accessories.s3.amazonaws.com/flag","ğŸ‡¸ğŸ‡¿"
752,752,"https://beecow-accessories.s3.amazonaws.com/flag","ğŸ‡¸ğŸ‡ª"
756,756,"https://beecow-accessories.s3.amazonaws.com/flag","ğŸ‡¨ğŸ‡­"
760,760,"https://beecow-accessories.s3.amazonaws.com/flag","ğŸ‡¸ğŸ‡¾"
762,762,"https://beecow-accessories.s3.amazonaws.com/flag","ğŸ‡¹ğŸ‡¯"
834,834,"https://beecow-accessories.s3.amazonaws.com/flag","ğŸ‡¹ğŸ‡¿"
764,764,"https://beecow-accessories.s3.amazonaws.com/flag","ğŸ‡¹ğŸ‡­"
768,768,"https://beecow-accessories.s3.amazonaws.com/flag","ğŸ‡¹ğŸ‡¬"
772,772,"https://beecow-accessories.s3.amazonaws.com/flag","ğŸ‡¹ğŸ‡°"
776,776,"https://beecow-accessories.s3.amazonaws.com/flag","ğŸ‡¹ğŸ‡´"
780,780,"https://beecow-accessories.s3.amazonaws.com/flag","ğŸ‡¹ğŸ‡¹"
788,788,"https://beecow-accessories.s3.amazonaws.com/flag","ğŸ‡¹ğŸ‡³"
792,792,"https://beecow-accessories.s3.amazonaws.com/flag","ğŸ‡¹ğŸ‡·"
795,795,"https://beecow-accessories.s3.amazonaws.com/flag","ğŸ‡¹ğŸ‡²"
796,796,"https://beecow-accessories.s3.amazonaws.com/flag","ğŸ‡¹ğŸ‡¨"
798,798,"https://beecow-accessories.s3.amazonaws.com/flag","ğŸ‡¹ğŸ‡»"
800,800,"https://beecow-accessories.s3.amazonaws.com/flag","ğŸ‡ºğŸ‡¬"
804,804,"https://beecow-accessories.s3.amazonaws.com/flag","ğŸ‡ºğŸ‡¦"
784,784,"https://beecow-accessories.s3.amazonaws.com/flag","ğŸ‡¦ğŸ‡ª"
826,826,"https://beecow-accessories.s3.amazonaws.com/flag","ğŸ‡¬ğŸ‡§"
840,840,"https://beecow-accessories.s3.amazonaws.com/flag","ğŸ‡ºğŸ‡¸"
581,581,"https://beecow-accessories.s3.amazonaws.com/flag","ğŸ‡ºğŸ‡²"
858,858,"https://beecow-accessories.s3.amazonaws.com/flag","ğŸ‡ºğŸ‡¾"
860,860,"https://beecow-accessories.s3.amazonaws.com/flag","ğŸ‡ºğŸ‡¿"
548,548,"https://beecow-accessories.s3.amazonaws.com/flag","ğŸ‡»ğŸ‡º"
336,336,"https://beecow-accessories.s3.amazonaws.com/flag","ğŸ‡»ğŸ‡¦"
862,862,"https://beecow-accessories.s3.amazonaws.com/flag","ğŸ‡»ğŸ‡ª"
92,92,"https://beecow-accessories.s3.amazonaws.com/flag","ğŸ‡»ğŸ‡¬"
850,850,"https://beecow-accessories.s3.amazonaws.com/flag","ğŸ‡»ğŸ‡®"
876,876,"https://beecow-accessories.s3.amazonaws.com/flag","ğŸ‡¼ğŸ‡«"
732,732,"https://beecow-accessories.s3.amazonaws.com/flag","ğŸ‡ªğŸ‡­"
887,887,"https://beecow-accessories.s3.amazonaws.com/flag","ğŸ‡¾ğŸ‡ª"
894,894,"https://beecow-accessories.s3.amazonaws.com/flag","ğŸ‡¿ğŸ‡²"
716,716,"https://beecow-accessories.s3.amazonaws.com/flag","ğŸ‡¿ğŸ‡¼"